species,filename,source,image_url,locality,in_tree,download_success
Amphichaetodon howensis,Amphichaetodon_howensis_Bishop_-369771762.jpg,BishopMuseum,https://pbs.bishopmuseum.org/images/JER/large/-369771762.jpg,Australia; Lord Howe Island,yes,yes
Amphichaetodon howensis,Amphichaetodon_howensis_Bishop_472868867.jpg,BishopMuseum,https://pbs.bishopmuseum.org/images/JER/large/472868867.jpg,Australia; Lord Howe Island,yes,yes
Amphichaetodon howensis,Amphichaetodon_howensis_Bishop_-1464681654.jpg,BishopMuseum,https://pbs.bishopmuseum.org/images/JER/large/-1464681654.jpg,Australia; Lord Howe Island,yes,yes
Amphichaetodon melbae,Amphichaetodon_melbae_Bishop_-1115161976.jpg,BishopMuseum,https://pbs.bishopmuseum.org/images/JER/large/-1115161976.jpg,Easter Island; Motu Iti,yes,yes
Chaetodon adiergastos,Chaetodon_adiergastos_Bishop_1979529705.jpg,BishopMuseum,https://pbs.bishopmuseum.org/images/JER/large/1979529705.jpg,Indonesia; Ambon; Latuhalat,yes,yes
Chaetodon andamanensis,Chaetodon_andamanensis_Bishop_-322272266.jpg,BishopMuseum,https://pbs.bishopmuseum.org/images/JER/large/-322272266.jpg,Thailand; Similan Island,no,yes
Chaetodon argentatus,Chaetodon_argentatus_Bishop_1101542975.jpg,BishopMuseum,https://pbs.bishopmuseum.org/images/JER/large/1101542975.jpg,Taiwan; Cheng Kung; San Shien Tai,yes,yes
Chaetodon argentatus,Chaetodon_argentatus_Bishop_1074668308.jpg,BishopMuseum,https://pbs.bishopmuseum.org/images/JER/large/1074668308.jpg,Ryukyu Islands; Okinawa; Onna Point,yes,yes
Chaetodon aureofasciatus,Chaetodon_aureofasciatus_Bishop_1459626629.jpg,BishopMuseum,https://pbs.bishopmuseum.org/images/JER/large/1459626629.jpg,Australia; Wistari Reef,yes,yes
Chaetodon auriga,Chaetodon_auriga_Bishop_1449897185.jpg,BishopMuseum,https://pbs.bishopmuseum.org/images/JER/large/1449897185.jpg,Sudan; Towartit Reefs,yes,yes
Chaetodon auriga,Chaetodon_auriga_Bishop_1988149751.jpg,BishopMuseum,https://pbs.bishopmuseum.org/images/JER/large/1988149751.jpg,Hawaii (USA); Kaneohe Bay,yes,yes
Chaetodon auriga,Chaetodon_auriga_Bishop_843681634.jpg,BishopMuseum,https://pbs.bishopmuseum.org/images/JER/large/843681634.jpg,Maldives; Malé,yes,yes
Chaetodon auriga,Chaetodon_auriga_Bishop_415255648.jpg,BishopMuseum,https://pbs.bishopmuseum.org/images/JER/large/415255648.jpg,Egypt; Sinai; Ras Muhammad,yes,yes
Chaetodon auriga,Chaetodon_auriga_Bishop_-2122348146.jpg,BishopMuseum,https://pbs.bishopmuseum.org/images/JER/large/-2122348146.jpg,Tahiti; Teavaraa Pass,yes,yes
Chaetodon auriga,Chaetodon_auriga_Bishop_1547714619.jpg,BishopMuseum,https://pbs.bishopmuseum.org/images/JER/large/1547714619.jpg,Hawaii (USA); Kapoho,yes,yes
Chaetodon auripes,Chaetodon_auripes_Bishop_1839596140.jpg,BishopMuseum,https://pbs.bishopmuseum.org/images/JER/large/1839596140.jpg,Japan; Shirahama,yes,yes
Chaetodon auripes,Chaetodon_auripes_Bishop_-346327811.jpg,BishopMuseum,https://pbs.bishopmuseum.org/images/JER/large/-346327811.jpg,Japan; Izu Island; Miyake-jima,yes,yes
Chaetodon austriacus,Chaetodon_austriacus_Bishop_-1737564550.jpg,BishopMuseum,https://pbs.bishopmuseum.org/images/JER/large/-1737564550.jpg,Israel; Gulf of Aqaba,yes,yes
Chaetodon baronessa,Chaetodon_baronessa_Bishop_1152880952.jpg,BishopMuseum,https://pbs.bishopmuseum.org/images/JER/large/1152880952.jpg,Malaysia; Pulau Tulai,yes,yes
Chaetodon baronessa,Chaetodon_baronessa_Bishop_918345433.jpg,BishopMuseum,https://pbs.bishopmuseum.org/images/JER/large/918345433.jpg,Indonesia; Ambon,yes,yes
Chaetodon baronessa,Chaetodon_baronessa_Bishop_601798515.jpg,BishopMuseum,https://pbs.bishopmuseum.org/images/JER/large/601798515.jpg,Ryukyu Islands; Ishigaki,yes,yes
Chaetodon baronessa,Chaetodon_baronessa_Bishop_-2122794458.jpg,BishopMuseum,https://pbs.bishopmuseum.org/images/JER/large/-2122794458.jpg,Fiji Islands,yes,yes
Chaetodon bennetti,Chaetodon_bennetti_Bishop_711591108.jpg,BishopMuseum,https://pbs.bishopmuseum.org/images/JER/large/711591108.jpg,French Polynesia; Tetiaroa Island,yes,yes
Chaetodon bennetti,Chaetodon_bennetti_Bishop_-2064196433.jpg,BishopMuseum,https://pbs.bishopmuseum.org/images/JER/large/-2064196433.jpg,Tahiti; Hitiaa,yes,yes
Chaetodon blackburnii,Chaetodon_blackburnii_Bishop_1288243346.jpg,BishopMuseum,https://pbs.bishopmuseum.org/images/JER/large/1288243346.jpg,Réunion,yes,yes
Chaetodon blackburnii,Chaetodon_blackburnii_Bishop_300609141.jpg,BishopMuseum,https://pbs.bishopmuseum.org/images/JER/large/300609141.jpg,South Africa; Natal; Sodwana Bay,yes,yes
Chaetodon blackburnii,Chaetodon_blackburnii_Bishop_-410407509.jpg,BishopMuseum,https://pbs.bishopmuseum.org/images/JER/large/-410407509.jpg,South Africa; Natal,yes,yes
Chaetodon citrinellus,Chaetodon_citrinellus_Bishop_1043818087.jpg,BishopMuseum,https://pbs.bishopmuseum.org/images/JER/large/1043818087.jpg,French Polynesia; Tetiaroa Island,yes,yes
Chaetodon citrinellus,Chaetodon_citrinellus_Bishop_-1191499504.jpg,BishopMuseum,https://pbs.bishopmuseum.org/images/JER/large/-1191499504.jpg,Fiji Islands,yes,yes
Chaetodon citrinellus,Chaetodon_citrinellus_Bishop_-1736280642.jpg,BishopMuseum,https://pbs.bishopmuseum.org/images/JER/large/-1736280642.jpg,Marshall Islands; Enewetak,yes,yes
Chaetodon citrinellus,Chaetodon_citrinellus_Bishop_520787921.jpg,BishopMuseum,https://pbs.bishopmuseum.org/images/JER/large/520787921.jpg,French Polynesia; Moorea,yes,yes
Chaetodon citrinellus,Chaetodon_citrinellus_Bishop_-1937929700.jpg,BishopMuseum,https://pbs.bishopmuseum.org/images/JER/large/-1937929700.jpg,Australia; Lord Howe Island,yes,yes
Chaetodon collare,Chaetodon_collare_Bishop_1403678122.jpg,BishopMuseum,https://pbs.bishopmuseum.org/images/JER/large/1403678122.jpg,Maldives; Villingili,yes,yes
Chaetodon collare,Chaetodon_collare_Bishop_1999007469.jpg,BishopMuseum,https://pbs.bishopmuseum.org/images/JER/large/1999007469.jpg,Oman; Muscat,yes,yes
Chaetodon daedalma,Chaetodon_daedalma_Bishop_1811677923.jpg,BishopMuseum,https://pbs.bishopmuseum.org/images/JER/large/1811677923.jpg,Japan; Ogasawara Island; Ani-jima,no,yes
Chaetodon declivis,Chaetodon_declivis_Bishop_-405463978.jpg,BishopMuseum,https://pbs.bishopmuseum.org/images/JER/large/-405463978.jpg,Christmas Island (Aust.); Christmas Is,yes,yes
Chaetodon declivis,Chaetodon_declivis_Bishop_1376440265.jpg,BishopMuseum,https://pbs.bishopmuseum.org/images/JER/large/1376440265.jpg,Marquesas Islands; Fatu Hiva,yes,yes
Chaetodon declivis,Chaetodon_declivis_Bishop_-274435096.jpg,BishopMuseum,https://pbs.bishopmuseum.org/images/JER/large/-274435096.jpg,Christmas Island (Aust.),yes,yes
Chaetodon decussatus,Chaetodon_decussatus_Bishop_527122207.jpg,BishopMuseum,https://pbs.bishopmuseum.org/images/JER/large/527122207.jpg,Sri Lanka; Negombo,yes,yes
Chaetodon dialeucos,Chaetodon_dialeucos_Bishop_1297085044.jpg,BishopMuseum,https://pbs.bishopmuseum.org/images/JER/large/1297085044.jpg,Oman,yes,yes
Chaetodon dolosus,Chaetodon_dolosus_Bishop_-1008609691.jpg,BishopMuseum,https://pbs.bishopmuseum.org/images/JER/large/-1008609691.jpg,South Africa; Natal; Sodwana Bay,no,yes
Chaetodon ephippium,Chaetodon_ephippium_Bishop_-1179871461.jpg,BishopMuseum,https://pbs.bishopmuseum.org/images/JER/large/-1179871461.jpg,Hawaii (USA); Oahu; Moku Manu,yes,yes
Chaetodon ephippium,Chaetodon_ephippium_Bishop_-1248760382.jpg,BishopMuseum,https://pbs.bishopmuseum.org/images/JER/large/-1248760382.jpg,French Polynesia; Bora Bora,yes,yes
Chaetodon excelsa,Chaetodon_excelsa_Bishop_853070272.jpg,BishopMuseum,https://pbs.bishopmuseum.org/images/JER/large/853070272.jpg,Hawaii (USA); Oahu,yes,yes
Chaetodon falcula,Chaetodon_falcula_Bishop_1821335233.jpg,BishopMuseum,https://pbs.bishopmuseum.org/images/JER/large/1821335233.jpg,"Tanzania, United Rep. of; Mafia Island",yes,yes
Chaetodon fasciatus,Chaetodon_fasciatus_Bishop_-1886056978.jpg,BishopMuseum,https://pbs.bishopmuseum.org/images/JER/large/-1886056978.jpg,Egypt; Gulf of Aqaba,yes,yes
Chaetodon fasciatus,Chaetodon_fasciatus_Bishop_2100774615.jpg,BishopMuseum,https://pbs.bishopmuseum.org/images/JER/large/2100774615.jpg,Egypt; Red Sea; Gulf of Aqaba,yes,yes
Chaetodon flavirostris,Chaetodon_flavirostris_Bishop_1864146380.jpg,BishopMuseum,https://pbs.bishopmuseum.org/images/JER/large/1864146380.jpg,Tuamoto Islands; Anuanu Raro Atoll,no,yes
Chaetodon flavocoronatus,Chaetodon_flavocoronatus_Bishop_-1261632291.jpg,BishopMuseum,https://pbs.bishopmuseum.org/images/JER/large/-1261632291.jpg,Guam; Guam,no,yes
Chaetodon flavocoronatus,Chaetodon_flavocoronatus_Bishop_-1599575846.jpg,BishopMuseum,https://pbs.bishopmuseum.org/images/JER/large/-1599575846.jpg,Guam,no,yes
Chaetodon fremblii,Chaetodon_fremblii_Bishop_5130835.jpg,BishopMuseum,https://pbs.bishopmuseum.org/images/JER/large/5130835.jpg,Hawaii (USA); Oahu; Kahe Pt.,yes,yes
Chaetodon gardineri,Chaetodon_gardineri_Bishop_-1706450280.jpg,BishopMuseum,https://pbs.bishopmuseum.org/images/JER/large/-1706450280.jpg,Oman; Mutrah,yes,yes
Chaetodon guentheri,Chaetodon_guentheri_Bishop_-184146759.jpg,BishopMuseum,https://pbs.bishopmuseum.org/images/JER/large/-184146759.jpg,Australia; Lord Howe Island,yes,yes
Chaetodon guttatissimus,Chaetodon_guttatissimus_Bishop_-397235578.jpg,BishopMuseum,https://pbs.bishopmuseum.org/images/JER/large/-397235578.jpg,Mauritius; Mauritius,yes,yes
Chaetodon guttatissimus,Chaetodon_guttatissimus_Bishop_-1623433841.jpg,BishopMuseum,https://pbs.bishopmuseum.org/images/JER/large/-1623433841.jpg,South Africa; Natal; Sodwana Bay,yes,yes
Chaetodon kleinii,Chaetodon_kleinii_Bishop_977649394.jpg,BishopMuseum,https://pbs.bishopmuseum.org/images/JER/large/977649394.jpg,Marshall Islands; Enewetak,yes,yes
Chaetodon kleinii,Chaetodon_kleinii_Bishop_308997156.jpg,BishopMuseum,https://pbs.bishopmuseum.org/images/JER/large/308997156.jpg,Palau,yes,yes
Chaetodon kleinii,Chaetodon_kleinii_Bishop_-1577854379.jpg,BishopMuseum,https://pbs.bishopmuseum.org/images/JER/large/-1577854379.jpg,Hawaii (USA); Oahu; Kahe Pt.,yes,yes
Chaetodon larvatus,Chaetodon_larvatus_Bishop_1783626891.jpg,BishopMuseum,https://pbs.bishopmuseum.org/images/JER/large/1783626891.jpg,Sudan; Red Sea; Port Sudan,yes,yes
Chaetodon leucopleura,Chaetodon_leucopleura_Bishop_951338608.jpg,BishopMuseum,https://pbs.bishopmuseum.org/images/JER/large/951338608.jpg,"Tanzania, United Rep. of; Mafia Island",yes,yes
Chaetodon lineolatus,Chaetodon_lineolatus_Bishop_1526268337.jpg,BishopMuseum,https://pbs.bishopmuseum.org/images/JER/large/1526268337.jpg,Hawaii (USA); Oahu; Kaneohe Bay,yes,yes
Chaetodon lineolatus,Chaetodon_lineolatus_Bishop_1821004318.jpg,BishopMuseum,https://pbs.bishopmuseum.org/images/JER/large/1821004318.jpg,Australia; Lord Howe Island,yes,yes
Chaetodon lineolatus,Chaetodon_lineolatus_Bishop_-879271097.jpg,BishopMuseum,https://pbs.bishopmuseum.org/images/JER/large/-879271097.jpg,Sudan; Red Sea; Sanganeb Atoll,yes,yes
Chaetodon litus,Chaetodon_litus_Bishop_2072919420.jpg,BishopMuseum,https://pbs.bishopmuseum.org/images/JER/large/2072919420.jpg,Easter Island,yes,yes
Chaetodon litus,Chaetodon_litus_Bishop_1983788749.jpg,BishopMuseum,https://pbs.bishopmuseum.org/images/JER/large/1983788749.jpg,Easter Island,yes,yes
Chaetodon lunula,Chaetodon_lunula_Bishop_2036473160.jpg,BishopMuseum,https://pbs.bishopmuseum.org/images/JER/large/2036473160.jpg,Australia; Lord Howe Island,yes,yes
Chaetodon lunula,Chaetodon_lunula_Bishop_-530805309.jpg,BishopMuseum,https://pbs.bishopmuseum.org/images/JER/large/-530805309.jpg,French Polynesia; Bora Bora,yes,yes
Chaetodon lunula,Chaetodon_lunula_Bishop_1720571305.jpg,BishopMuseum,https://pbs.bishopmuseum.org/images/JER/large/1720571305.jpg,Johnston Island,yes,yes
Chaetodon lunula,Chaetodon_lunula_Bishop_543936522.jpg,BishopMuseum,https://pbs.bishopmuseum.org/images/JER/large/543936522.jpg,Tahiti; Tahiti,yes,yes
Chaetodon lunulatus,Chaetodon_lunulatus_Bishop_1378116790.jpg,BishopMuseum,https://pbs.bishopmuseum.org/images/JER/large/1378116790.jpg,Fiji Islands; Fiji,yes,yes
Chaetodon lunulatus,Chaetodon_lunulatus_Bishop_1113667583.jpg,BishopMuseum,https://pbs.bishopmuseum.org/images/JER/large/1113667583.jpg,Tahiti; Teavaraa Pass,yes,yes
Chaetodon madagaskariensis,Chaetodon_madagaskariensis_Bishop_1210446292.jpg,BishopMuseum,https://pbs.bishopmuseum.org/images/JER/large/1210446292.jpg,Kenya; Watamu,yes,yes
Chaetodon marleyi,Chaetodon_marleyi_Bishop_384825925.jpg,BishopMuseum,https://pbs.bishopmuseum.org/images/JER/large/384825925.jpg,South Africa; Natal; Durban,no,yes
Chaetodon melannotus,Chaetodon_melannotus_Bishop_403079329.jpg,BishopMuseum,https://pbs.bishopmuseum.org/images/JER/large/403079329.jpg,Guam; Guam,yes,yes
Chaetodon melannotus,Chaetodon_melannotus_Bishop_-1126507013.jpg,BishopMuseum,https://pbs.bishopmuseum.org/images/JER/large/-1126507013.jpg,Maldives; Villingili,yes,yes
Chaetodon melannotus,Chaetodon_melannotus_Bishop_-1381464288.jpg,BishopMuseum,https://pbs.bishopmuseum.org/images/JER/large/-1381464288.jpg,Sudan; Port Sudan,yes,yes
Chaetodon melannotus,Chaetodon_melannotus_Bishop_-1689715678.jpg,BishopMuseum,https://pbs.bishopmuseum.org/images/JER/large/-1689715678.jpg,Australia; Great Barrier Reef; One Tree Island,yes,yes
Chaetodon melapterus,Chaetodon_melapterus_Bishop_690928567.jpg,BishopMuseum,https://pbs.bishopmuseum.org/images/JER/large/690928567.jpg,Bahrain; Bahrain,yes,yes
Chaetodon melapterus,Chaetodon_melapterus_Bishop_-738901426.jpg,BishopMuseum,https://pbs.bishopmuseum.org/images/JER/large/-738901426.jpg,Bahrain,yes,yes
Chaetodon mertensii,Chaetodon_mertensii_Bishop_-727881428.jpg,BishopMuseum,https://pbs.bishopmuseum.org/images/JER/large/-727881428.jpg,Maldives; Villingili,yes,yes
Chaetodon mertensii,Chaetodon_mertensii_Bishop_2125964090.jpg,BishopMuseum,https://pbs.bishopmuseum.org/images/JER/large/2125964090.jpg,Easter Island; Motu Iti,yes,yes
Chaetodon mertensii,Chaetodon_mertensii_Bishop_992543933.jpg,BishopMuseum,https://pbs.bishopmuseum.org/images/JER/large/992543933.jpg,Australia; Lord Howe Island,yes,yes
Chaetodon mertensii,Chaetodon_mertensii_Bishop_1869466931.jpg,BishopMuseum,https://pbs.bishopmuseum.org/images/JER/large/1869466931.jpg,Marshall Islands; Enewetak,yes,yes
Chaetodon mesoleucos,Chaetodon_mesoleucos_Bishop_-899095560.jpg,BishopMuseum,https://pbs.bishopmuseum.org/images/JER/large/-899095560.jpg,Sudan; Red Sea; Port Sudan,yes,yes
Chaetodon meyeri,Chaetodon_meyeri_Bishop_-146742631.jpg,BishopMuseum,https://pbs.bishopmuseum.org/images/JER/large/-146742631.jpg,Palau,yes,yes
Chaetodon miliaris,Chaetodon_miliaris_Bishop_1720766063.jpg,BishopMuseum,https://pbs.bishopmuseum.org/images/JER/large/1720766063.jpg,Hawaii (USA); Oahu; Kaneohe Bay,yes,yes
Chaetodon miliaris,Chaetodon_miliaris_Bishop_725437158.jpg,BishopMuseum,https://pbs.bishopmuseum.org/images/JER/large/725437158.jpg,Hawaii (USA); Kona,yes,yes
Chaetodon mitratus,Chaetodon_mitratus_Bishop_-777256060.jpg,BishopMuseum,https://pbs.bishopmuseum.org/images/JER/large/-777256060.jpg,Mauritius; Recife Rouge,yes,yes
Chaetodon modestus,Chaetodon_modestus_Bishop_316109402.jpg,BishopMuseum,https://pbs.bishopmuseum.org/images/JER/large/316109402.jpg,Hawaii (USA); Oahu,no,yes
Chaetodon multicinctus,Chaetodon_multicinctus_Bishop_-1285212619.jpg,BishopMuseum,https://pbs.bishopmuseum.org/images/JER/large/-1285212619.jpg,Hawaii (USA); Oahu; Waianae,yes,yes
Chaetodon multicinctus,Chaetodon_multicinctus_Bishop_-1145166510.jpg,BishopMuseum,https://pbs.bishopmuseum.org/images/JER/large/-1145166510.jpg,Hawaii (USA); Oahu; Kahe Pt.,yes,yes
Chaetodon nigropunctatus,Chaetodon_nigropunctatus_Bishop_276052843.jpg,BishopMuseum,https://pbs.bishopmuseum.org/images/JER/large/276052843.jpg,Oman; Mutrah,yes,yes
Chaetodon nigropunctatus,Chaetodon_nigropunctatus_Bishop_1435538384.jpg,BishopMuseum,https://pbs.bishopmuseum.org/images/JER/large/1435538384.jpg,Bahrain; Bahrain,yes,yes
Chaetodon nippon,Chaetodon_nippon_Bishop_-751379567.jpg,BishopMuseum,https://pbs.bishopmuseum.org/images/JER/large/-751379567.jpg,Japan; Izu Island; Miyake-jima,yes,yes
Chaetodon ocellicaudus,Chaetodon_ocellicaudus_Bishop_958979710.jpg,BishopMuseum,https://pbs.bishopmuseum.org/images/JER/large/958979710.jpg,Philippines; Cebu; Mactan Island,yes,yes
Chaetodon octofasciatus,Chaetodon_octofasciatus_Bishop_1838436391.jpg,BishopMuseum,https://pbs.bishopmuseum.org/images/JER/large/1838436391.jpg,Palau,yes,yes
Chaetodon ornatissimus,Chaetodon_ornatissimus_Bishop_164962524.jpg,BishopMuseum,https://pbs.bishopmuseum.org/images/JER/large/164962524.jpg,Tahiti,yes,yes
Chaetodon ornatissimus,Chaetodon_ornatissimus_Bishop_553414317.jpg,BishopMuseum,https://pbs.bishopmuseum.org/images/JER/large/553414317.jpg,Tahiti; Teavaraa Pass,yes,yes
Chaetodon paucifasciatus,Chaetodon_paucifasciatus_Bishop_-1576082838.jpg,BishopMuseum,https://pbs.bishopmuseum.org/images/JER/large/-1576082838.jpg,Israel; Gulf of Aqaba,yes,yes
Chaetodon pelewensis,Chaetodon_pelewensis_Bishop_-460781405.jpg,BishopMuseum,https://pbs.bishopmuseum.org/images/JER/large/-460781405.jpg,Tahiti; Teavaraa Pass,yes,yes
Chaetodon plebeius,Chaetodon_plebeius_Bishop_-531604202.jpg,BishopMuseum,https://pbs.bishopmuseum.org/images/JER/large/-531604202.jpg,Sri Lanka; Trincomalee,yes,yes
Chaetodon plebeius,Chaetodon_plebeius_Bishop_-243381367.jpg,BishopMuseum,https://pbs.bishopmuseum.org/images/JER/large/-243381367.jpg,Australia; Lord Howe Island,yes,yes
Chaetodon plebeius,Chaetodon_plebeius_Bishop_-113106721.jpg,BishopMuseum,https://pbs.bishopmuseum.org/images/JER/large/-113106721.jpg,Ryukyu Islands; Ishigaki,yes,yes
Chaetodon punctatofasciatus,Chaetodon_punctatofasciatus_Bishop_1458053428.jpg,BishopMuseum,https://pbs.bishopmuseum.org/images/JER/large/1458053428.jpg,Marshall Islands; Enewetak,yes,yes
Chaetodon rafflesii,Chaetodon_rafflesii_Bishop_497192485.jpg,BishopMuseum,https://pbs.bishopmuseum.org/images/JER/large/497192485.jpg,American Samoa; Tutuila,yes,yes
Chaetodon rafflesii,Chaetodon_rafflesii_Bishop_-779601278.jpg,BishopMuseum,https://pbs.bishopmuseum.org/images/JER/large/-779601278.jpg,Australia; Great Barrier Reef; One Tree Island,yes,yes
Chaetodon rainfordi,Chaetodon_rainfordi_Bishop_-805104421.jpg,BishopMuseum,https://pbs.bishopmuseum.org/images/JER/large/-805104421.jpg,Australia; Great Barrier Reef; One Tree Island,yes,yes
Chaetodon reticulatus,Chaetodon_reticulatus_Bishop_-2063111040.jpg,BishopMuseum,https://pbs.bishopmuseum.org/images/JER/large/-2063111040.jpg,Tahiti; Hitiaa,yes,yes
Chaetodon selene,Chaetodon_selene_Bishop_-1379331455.jpg,BishopMuseum,https://pbs.bishopmuseum.org/images/JER/large/-1379331455.jpg,Indonesia; Ambon Bay,yes,yes
Chaetodon semeion,Chaetodon_semeion_Bishop_-1205919593.jpg,BishopMuseum,https://pbs.bishopmuseum.org/images/JER/large/-1205919593.jpg,French Polynesia; Tetiaroa,yes,yes
Chaetodon semeion,Chaetodon_semeion_Bishop_238560942.jpg,BishopMuseum,https://pbs.bishopmuseum.org/images/JER/large/238560942.jpg,French Polynesia; Bora Bora,yes,yes
Chaetodon semilarvatus,Chaetodon_semilarvatus_Bishop_-947886964.jpg,BishopMuseum,https://pbs.bishopmuseum.org/images/JER/large/-947886964.jpg,Sudan; Red Sea; Port Sudan,yes,yes
Chaetodon smithi,Chaetodon_smithi_Bishop_-608924262.jpg,BishopMuseum,https://pbs.bishopmuseum.org/images/JER/large/-608924262.jpg,Pitcairn; Pitcairn,no,yes
Chaetodon smithi,Chaetodon_smithi_Bishop_-1166721005.jpg,BishopMuseum,https://pbs.bishopmuseum.org/images/JER/large/-1166721005.jpg,Pitcairn,no,yes
Chaetodon smithi,Chaetodon_smithi_Bishop_-756583267.jpg,BishopMuseum,https://pbs.bishopmuseum.org/images/JER/large/-756583267.jpg,Easter Island; Tahai,no,yes
Chaetodon speculum,Chaetodon_speculum_Bishop_65885528.jpg,BishopMuseum,https://pbs.bishopmuseum.org/images/JER/large/65885528.jpg,Australia; Great Barrier Reef; One Tree Island,yes,yes
Chaetodon tinkeri,Chaetodon_tinkeri_Bishop_-1989865351.jpg,BishopMuseum,https://pbs.bishopmuseum.org/images/JER/large/-1989865351.jpg,Johnston Island; Johnston Is,yes,yes
Chaetodon tinkeri,Chaetodon_tinkeri_Bishop_-408146097.jpg,BishopMuseum,https://pbs.bishopmuseum.org/images/JER/large/-408146097.jpg,Hawaii (USA); Oahu; Makua,yes,yes
Chaetodon tinkeri,Chaetodon_tinkeri_Bishop_1959828294.jpg,BishopMuseum,https://pbs.bishopmuseum.org/images/JER/large/1959828294.jpg,Hawaii (USA); Oahu; Waianae,yes,yes
Chaetodon trichrous,Chaetodon_trichrous_Bishop_-192591132.jpg,BishopMuseum,https://pbs.bishopmuseum.org/images/JER/large/-192591132.jpg,Tahiti; Teavaraa Pass,yes,yes
Chaetodon tricinctus,Chaetodon_tricinctus_Bishop_28770837.jpg,BishopMuseum,https://pbs.bishopmuseum.org/images/JER/large/28770837.jpg,Australia; Lord Howe Island,yes,yes
Chaetodon trifascialis,Chaetodon_trifascialis_Bishop_-500274613.jpg,BishopMuseum,https://pbs.bishopmuseum.org/images/JER/large/-500274613.jpg,Tahiti; Teavaraa Pass,yes,yes
Chaetodon trifascialis,Chaetodon_trifascialis_Bishop_-1790297166.jpg,BishopMuseum,https://pbs.bishopmuseum.org/images/JER/large/-1790297166.jpg,Sudan; Port Sudan,yes,yes
Chaetodon trifasciatus,Chaetodon_trifasciatus_Bishop_-781709008.jpg,BishopMuseum,https://pbs.bishopmuseum.org/images/JER/large/-781709008.jpg,Mauritius,yes,yes
Chaetodon ulietensis,Chaetodon_ulietensis_Bishop_-201975074.jpg,BishopMuseum,https://pbs.bishopmuseum.org/images/JER/large/-201975074.jpg,Hawaii (USA); Kona,yes,yes
Chaetodon ulietensis,Chaetodon_ulietensis_Bishop_-1430510223.jpg,BishopMuseum,https://pbs.bishopmuseum.org/images/JER/large/-1430510223.jpg,Tahiti; Teavaraa Pass,yes,yes
Chaetodon unimaculatus,Chaetodon_unimaculatus_Bishop_-2035665860.jpg,BishopMuseum,https://pbs.bishopmuseum.org/images/JER/large/-2035665860.jpg,Réunion,yes,yes
Chaetodon unimaculatus,Chaetodon_unimaculatus_Bishop_-538563321.jpg,BishopMuseum,https://pbs.bishopmuseum.org/images/JER/large/-538563321.jpg,Hawaii (USA); Oahu,yes,yes
Chaetodon vagabundus,Chaetodon_vagabundus_Bishop_-2087127384.jpg,BishopMuseum,https://pbs.bishopmuseum.org/images/JER/large/-2087127384.jpg,Sri Lanka; Negombo,yes,yes
Chaetodon vagabundus,Chaetodon_vagabundus_Bishop_397124810.jpg,BishopMuseum,https://pbs.bishopmuseum.org/images/JER/large/397124810.jpg,Tahiti; Hitiaa,yes,yes
Chaetodon vagabundus,Chaetodon_vagabundus_Bishop_2044270221.jpg,BishopMuseum,https://pbs.bishopmuseum.org/images/JER/large/2044270221.jpg,Oman; Muscat; Fahal Island,yes,yes
Chaetodon wiebeli,Chaetodon_wiebeli_Bishop_532247427.jpg,BishopMuseum,https://pbs.bishopmuseum.org/images/JER/large/532247427.jpg,Hong Kong; Saikung,no,yes
Chaetodon xanthocephalus,Chaetodon_xanthocephalus_Bishop_-1021247480.jpg,BishopMuseum,https://pbs.bishopmuseum.org/images/JER/large/-1021247480.jpg,Mauritius,yes,yes
Chaetodon xanthurus,Chaetodon_xanthurus_Bishop_-858508951.jpg,BishopMuseum,https://pbs.bishopmuseum.org/images/JER/large/-858508951.jpg,Philippines; Luzon; Caban Island,yes,yes
Chaetodon zanzibariensis,Chaetodon_zanzibariensis_Bishop_-1292827274.jpg,BishopMuseum,https://pbs.bishopmuseum.org/images/JER/large/-1292827274.jpg,Seychelles; La Digue,yes,yes
Chelmon marginalis,Chelmon_marginalis_Bishop_-336691052.jpg,BishopMuseum,https://pbs.bishopmuseum.org/images/JER/large/-336691052.jpg,Australia;  Northern Territory; Darwin,no,yes
Chelmon marginalis,Chelmon_marginalis_Bishop_-1899628097.jpg,BishopMuseum,https://pbs.bishopmuseum.org/images/JER/large/-1899628097.jpg,Australia; Western Australia; Broome,no,yes
Chelmon marginalis,Chelmon_marginalis_Bishop_24220165.jpg,BishopMuseum,https://pbs.bishopmuseum.org/images/JER/large/24220165.jpg,Australia; Darwin; Dudley Point,no,yes
Chelmon muelleri,Chelmon_muelleri_Bishop_425540539.jpg,BishopMuseum,https://pbs.bishopmuseum.org/images/JER/large/425540539.jpg,Australia; Northern Territory; Darwin,yes,yes
Chelmon muelleri,Chelmon_muelleri_Bishop_1919363298.jpg,BishopMuseum,https://pbs.bishopmuseum.org/images/JER/large/1919363298.jpg,Australia; Northern Territory; Darwin,yes,yes
Chelmon rostratus,Chelmon_rostratus_Bishop_-1060273696.jpg,BishopMuseum,https://pbs.bishopmuseum.org/images/JER/large/-1060273696.jpg,Singapore; Salu Island,yes,yes
Chelmon rostratus,Chelmon_rostratus_Bishop_-1630595999.jpg,BishopMuseum,https://pbs.bishopmuseum.org/images/JER/large/-1630595999.jpg,Australia; Great Barrier Reef; One Tree Island,yes,yes
Chelmonops truncatus,Chelmonops_truncatus_Bishop_-473926281.jpg,BishopMuseum,https://pbs.bishopmuseum.org/images/JER/large/-473926281.jpg,Australia; New South Wales; Port Hacking,no,yes
Coradion altivelis,Coradion_altivelis_Bishop_1025347564.jpg,BishopMuseum,https://pbs.bishopmuseum.org/images/JER/large/1025347564.jpg,Solomon Islands; Florida Island,yes,yes
Coradion altivelis,Coradion_altivelis_Bishop_-1400875907.jpg,BishopMuseum,https://pbs.bishopmuseum.org/images/JER/large/-1400875907.jpg,Taiwan; Yeh-Liu,yes,yes
Coradion chrysozonus,Coradion_chrysozonus_Bishop_1721541363.jpg,BishopMuseum,https://pbs.bishopmuseum.org/images/JER/large/1721541363.jpg,Palau,yes,yes
Coradion chrysozonus,Coradion_chrysozonus_Bishop_28243640.jpg,BishopMuseum,https://pbs.bishopmuseum.org/images/JER/large/28243640.jpg,Palau; Palau,yes,yes
Coradion chrysozonus,Coradion_chrysozonus_Bishop_-1821725095.jpg,BishopMuseum,https://pbs.bishopmuseum.org/images/JER/large/-1821725095.jpg,Indonesia; Celebes; Ujung Pandang,yes,yes
Coradion chrysozonus,Coradion_chrysozonus_Bishop_213329914.jpg,BishopMuseum,https://pbs.bishopmuseum.org/images/JER/large/213329914.jpg,Australia; Western Australia; Kendrew Island,yes,yes
Coradion melanopus,Coradion_melanopus_Bishop_-1537131019.jpg,BishopMuseum,https://pbs.bishopmuseum.org/images/JER/large/-1537131019.jpg,Philippines; Cebu,yes,yes
Coradion melanopus,Coradion_melanopus_Bishop_1537514406.jpg,BishopMuseum,https://pbs.bishopmuseum.org/images/JER/large/1537514406.jpg,Indonesia; Ambon; Latuhalat,yes,yes
Coradion melanopus,Coradion_melanopus_Bishop_726040623.jpg,BishopMuseum,https://pbs.bishopmuseum.org/images/JER/large/726040623.jpg,Indonesia; Celebes; Manado,yes,yes
Coradion melanopus,Coradion_melanopus_Bishop_1397670468.jpg,BishopMuseum,https://pbs.bishopmuseum.org/images/JER/large/1397670468.jpg,Philippines; Cebu,yes,yes
Forcipiger flavissimus,Forcipiger_flavissimus_Bishop_-1224605166.jpg,BishopMuseum,https://pbs.bishopmuseum.org/images/JER/large/-1224605166.jpg,Tahiti; Teavaraa Pass,yes,yes
Forcipiger flavissimus,Forcipiger_flavissimus_Bishop_-1548318421.jpg,BishopMuseum,https://pbs.bishopmuseum.org/images/JER/large/-1548318421.jpg,Easter Island,yes,yes
Forcipiger longirostris,Forcipiger_longirostris_Bishop_2122975038.jpg,BishopMuseum,https://pbs.bishopmuseum.org/images/JER/large/2122975038.jpg,Guam,yes,yes
Forcipiger longirostris,Forcipiger_longirostris_Bishop_545316689.jpg,BishopMuseum,https://pbs.bishopmuseum.org/images/JER/large/545316689.jpg,Marshall Islands; Enewetak,yes,yes
Forcipiger longirostris,Forcipiger_longirostris_Bishop_2048048784.jpg,BishopMuseum,https://pbs.bishopmuseum.org/images/JER/large/2048048784.jpg,Hawaii (USA); Kona,yes,yes
Hemitaurichthys multispinosus,Hemitaurichthys_multispinosus_Bishop_1514469863.jpg,BishopMuseum,https://pbs.bishopmuseum.org/images/JER/large/1514469863.jpg,Pitcairn,no,yes
Hemitaurichthys polylepis,Hemitaurichthys_polylepis_Bishop_224753564.jpg,BishopMuseum,https://pbs.bishopmuseum.org/images/JER/large/224753564.jpg,Guam,yes,yes
Hemitaurichthys zoster,Hemitaurichthys_zoster_Bishop_1598828141.jpg,BishopMuseum,https://pbs.bishopmuseum.org/images/JER/large/1598828141.jpg,Mauritius,yes,yes
Heniochus acuminatus,Heniochus_acuminatus_Bishop_1965411939.jpg,BishopMuseum,https://pbs.bishopmuseum.org/images/JER/large/1965411939.jpg,Marshall Islands; Enewetak,yes,yes
Heniochus acuminatus,Heniochus_acuminatus_Bishop_2027043176.jpg,BishopMuseum,https://pbs.bishopmuseum.org/images/JER/large/2027043176.jpg,Bahrain; Bahrain,yes,yes
Heniochus acuminatus,Heniochus_acuminatus_Bishop_1817843498.jpg,BishopMuseum,https://pbs.bishopmuseum.org/images/JER/large/1817843498.jpg,Bahrain; Bahrain,yes,yes
Heniochus chrysostomus,Heniochus_chrysostomus_Bishop_1854375753.jpg,BishopMuseum,https://pbs.bishopmuseum.org/images/JER/large/1854375753.jpg,Marshall Islands; Enewetak,yes,yes
Heniochus diphreutes,Heniochus_diphreutes_Bishop_1453219286.jpg,BishopMuseum,https://pbs.bishopmuseum.org/images/JER/large/1453219286.jpg,Hawaii (USA); Oahu,yes,yes
Heniochus intermedius,Heniochus_intermedius_Bishop_-20578450.jpg,BishopMuseum,https://pbs.bishopmuseum.org/images/JER/large/-20578450.jpg,Israel; Gulf of Aqaba; Eilat,yes,yes
Heniochus monoceros,Heniochus_monoceros_Bishop_1235534495.jpg,BishopMuseum,https://pbs.bishopmuseum.org/images/JER/large/1235534495.jpg,New Caledonia; New Caledonia,yes,yes
Heniochus monoceros,Heniochus_monoceros_Bishop_1205143013.jpg,BishopMuseum,https://pbs.bishopmuseum.org/images/JER/large/1205143013.jpg,Réunion,yes,yes
Heniochus monoceros,Heniochus_monoceros_Bishop_-980348940.jpg,BishopMuseum,https://pbs.bishopmuseum.org/images/JER/large/-980348940.jpg,"Micronesia,Fed.States of; Truk",yes,yes
Heniochus pleurotaenia,Heniochus_pleurotaenia_Bishop_-1006778558.jpg,BishopMuseum,https://pbs.bishopmuseum.org/images/JER/large/-1006778558.jpg,Maldives; Villingili,yes,yes
Heniochus singularius,Heniochus_singularius_Bishop_1959970624.jpg,BishopMuseum,https://pbs.bishopmuseum.org/images/JER/large/1959970624.jpg,Sri Lanka; Negombo,yes,yes
Heniochus singularius,Heniochus_singularius_Bishop_2065781403.jpg,BishopMuseum,https://pbs.bishopmuseum.org/images/JER/large/2065781403.jpg,Papua New Guinea; New Guinea Island; Madang,yes,yes
Heniochus varius,Heniochus_varius_Bishop_2014348865.jpg,BishopMuseum,https://pbs.bishopmuseum.org/images/JER/large/2014348865.jpg,Palau,yes,yes
Parachaetodon ocellatus,Parachaetodon_ocellatus_Bishop_-506807721.jpg,BishopMuseum,https://pbs.bishopmuseum.org/images/JER/large/-506807721.jpg,Indonesia; Celebes; Ujung Pandang,yes,yes
Parachaetodon ocellatus,Parachaetodon_ocellatus_Bishop_-154342580.jpg,BishopMuseum,https://pbs.bishopmuseum.org/images/JER/large/-154342580.jpg,Australia; Northern Territory; Bathurst Island,yes,yes
Parachaetodon ocellatus,Parachaetodon_ocellatus_Bishop_-731143075.jpg,BishopMuseum,https://pbs.bishopmuseum.org/images/JER/large/-731143075.jpg,Australia; Northern Territory; Darwin,yes,yes
